Marca,Slug,Subcategoría,Dominio
A-Derma,a-derma,skincare,https://www.aderma.com
ABC,abc,Retail,
Abercrombie & Fitch Perfumes,abercrombie-and-fitch-perfumes,perfumes,https://www.abercrombie.com
Accor,accor,Hoteles,https://group.accor.com
Acer,acer,notebooks,https://www.acer.com
aCuenta,acuenta,Supermercados,
Adidas,adidas,Ropa & Moda,
Air Canada,air_canada,Aerolíneas,
Air France,air_france,Aerolíneas,
Air France,air-france,aerolineas,https://www.airfrance.com
Airbnb,airbnb,Hoteles y reservas,https://www.airbnb.com
Alfa Romeo,alfa-romeo,Marcas de autos,https://www.alfaromeo.com
Alienware,alienware,notebooks,https://www.dell.com/alienware
AliExpress,aliexpress,marketplaces,https://www.aliexpress.com
Almirón,almiron,formula-alimentacion-infantil,https://www.almiron.com
Alvi,alvi,Supermercados,
Amazfit,amazfit,smartwatches,https://www.amazfit.com
Amazon,amazon,marketplaces,https://www.amazon.com
Amazon Music,amazonmusic,entretencion-streaming-audio,
Amazon Music,amazon_music,Streaming,
Amazon Music,amazon-music,Streaming de música,https://music.amazon.com
American Airlines,american,Aerolíneas,
American Airlines,american-airlines,aerolineas,https://www.aa.com
American Express,american-express,tarjetas-medios-de-pago,https://www.americanexpress.com
Amorino,amorino,Heladerías,https://www.amorino.com
Apple AirPods,apple-airpods,audifonos,https://www.apple.com/airpods
Apple iPhone,apple-iphone,smartphones,https://www.apple.com/iphone
Apple MacBook,apple-macbook,notebooks,https://www.apple.com/macbook
Apple Music,applemusic,entretencion-streaming-audio,
Apple Music,apple_music,Streaming,
Apple Music,apple-music,Streaming de música,https://music.apple.com
Apple TV+,appletv,entretencion-streaming-video,
Apple TV+,apple_tv_plus,Streaming,
Apple TV+,apple-tv,Streaming de video,https://tv.apple.com
Apple Watch,apple-watch,smartwatches,https://www.apple.com/watch
Aptamil,aptamil,formula-alimentacion-infantil,https://www.aptaclub.cl
Arm & Hammer,arm-and-hammer,desodorantes,https://www.armandhammer.com
Armani,armani,perfumes,https://www.armani.com
AS Roma,roma,deportes-futbol,
Asus,asus,notebooks,https://www.asus.com
ASUS ROG Ally,asus-rog-ally,consolas,https://rog.asus.com
Asus Zenfone,asus-zenfone,smartphones,https://www.asus.com
Audi,audi,Marcas de autos,https://www.audi.cl
Aussie,aussie,shampoo,https://www.aussie.com
Austral,austral,cervezas,https://www.cervezaaustral.cl
Avene,avene,skincare,https://www.eau-thermale-avene.cl
Avene Solar,avene-solar,proteccion-solar,https://www.eau-thermale-avene.cl
Avianca,avianca,aerolineas,https://www.avianca.com
Azul,azul,transporte-aerolineas,
Azzaro,azzaro,perfumes,https://www.azzaro.com
Baby Jogger,baby-jogger,cochecitos,https://www.babyjogger.com
Baby Trend,baby-trend,cochecitos,https://www.babytrend.com
Babysec Premium,babysec-premium,panales,https://www.babysec.cl
Babyzen,babyzen,cochecitos,https://www.stokke.com
Ban,ban,desodorantes,https://www.bandeodorant.com
Banana Boat,banana-boat,proteccion-solar,https://www.bananaboat.com
Banco BICE,banco-bice,bancos,https://www.bice.cl
Banco Consorcio,banco-consorcio,bancos,https://www.consorcio.cl
Banco de Chile,banco-de-chile,bancos,https://www.bancochile.cl
Banco de Chile,banco_de_chile,Bancos y Fintech,
Banco de Chile,bancochile,finanzas-bancos,
Banco Falabella,banco-falabella,bancos,https://www.bancofalabella.cl
Banco Internacional,banco_internacional,Bancos y Fintech,
Banco Ripley,banco_ripley,Bancos y Fintech,
Banco Santander,banco-santander,bancos,https://www.santander.cl
Banco Security,banco_security,Bancos y Fintech,
Banco Security,banco-security,bancos,https://www.security.cl
BancoEstado,bancoestado,bancos,https://www.bancoestado.cl
Bandcamp,bandcamp,Streaming de música,https://bandcamp.com
Bang & Olufsen,bang-and-olufsen,audifonos,https://www.bang-olufsen.com
Banmédica,banmedica,Isapres & Seguros,
Baskin Robbins,baskin-robbins,Heladerías,https://www.baskinrobbins.com
BCI,bci,bancos,https://www.bci.cl
Beats,beats,audifonos,https://www.beatsbydre.com
Bebeglo,bebeglo,cochecitos,https://www.bebeglo.cl
Becker,becker,cervezas,https://www.becker.cl
Ben & Jerry's,ben-and-jerry-s,Heladerías,https://www.benjerry.com
Benedictino,benedictino,aguas,https://www.benedictino.cl
Benefit,benefit,cosmeticos-maquillaje,https://www.benefitcosmetics.com
Bepanthol Derma,bepanthol-derma,skincare,https://www.bepanthol.cl
BICE,bice,finanzas-bancos,
BICE Vida,bice_vida,Isapres & Seguros,
Bilz,bilz,gaseosas,https://www.ccu.cl
Bio Baby,bio-baby,panales,https://biobaby.com.mx
Bioderma Photoderm,bioderma-photoderm,proteccion-solar,https://www.bioderma.cl
Blaze Pizza,blaze-pizza,pizza,https://www.blazepizza.com
Blue Bottle Coffee,blue-bottle-coffee,cafeterias,https://bluebottlecoffee.com
BMW,bmw,Marcas de autos,https://www.bmw.cl
Bobbi Brown,bobbi-brown,cosmeticos-maquillaje,https://www.bobbibrowncosmetics.com
Booking,booking,Hoteles y reservas,https://www.booking.com
Bose,bose,audifonos,https://www.bose.com
Bourjois,bourjois,cosmeticos-maquillaje,https://www.bourjois.com
Bravissimo,bravissimo,Heladerías,https://www.bravissimo.cl
Britax,britax,cochecitos,https://us.britax.com
British Airways,british_airways,Aerolíneas,
Bruno Fritsch,bruno-fritsch,automotoras-concesionarios,https://www.brunofritsch.cl
Brut,brut,desodorantes,https://www.brutworld.com
Bugaboo,bugaboo,cochecitos,https://www.bugaboo.com
Bupa,bupa,Salud,
Burberry,burberry,perfumes,https://www.burberry.com
Burger King,burgerking,gastronomia-comida-rapida,
Burger King,burger_king,Comida Rápida,
Burger King Delivery,bk_delivery,Delivery (Apps),
Burn,burn,energeticas,https://www.coca-cola.com
Buxom,buxom,cosmeticos-maquillaje,https://www.buxomcosmetics.com
Bvlgari,bvlgari,perfumes,https://www.bulgari.com
BYD,byd,Marcas de autos,https://www.byd.com
Byphasse,byphasse,skincare,https://byphasse.com
Cabify,cabify,Apps de transporte,https://www.cabify.com
Cachantun,cachantun,aguas,https://www.cachantun.cl
Café Haití,cafe-haiti,cafeterias,https://www.cafehaiti.cl
Caffè Nero,caffe-nero,cafeterias,https://www.caffenero.com
Caja Los Andes (salud),caja_los_andes_salud,Isapres & Seguros,
California Pizza Kitchen,california-pizza-kitchen,pizza,https://www.cpk.com
Canada Dry,canada-dry,gaseosas,https://www.canadadry.com
Carl's Jr,carl-s-jr,fast-food,https://www.carlsjr.com
Carter's Baby Gear,carter-s-baby-gear,cochecitos,https://www.carters.com
Casillero del Diablo,casillero-del-diablo,vinas,https://www.casillerodeldiablo.com
Castaño,castano,cafeterias,https://www.castano.cl
Catrice,catrice,cosmeticos-maquillaje,https://www.catrice.eu
Caudalie,caudalie,skincare,https://es.caudalie.com
CCU,ccu,consumo-bebidas,
Celsius,celsius,energeticas,https://www.celsius.com
Ceramedx,ceramedx,skincare,https://ceramedx.com
Cerelac,cerelac,formula-alimentacion-infantil,https://www.nestle.cl
Cetaphil Pro,cetaphil-pro,skincare,https://www.cetaphil.cl
Chek,chek,fintech-billeteras,https://simple.ripley.cl
Chery,chery,Marcas de autos,https://www.chery.cl
Chevrolet,chevrolet,Marcas de autos,https://www.chevrolet.cl
Chicco Baby Moments,chicco-baby-moments,toallitas-humedas,https://www.chicco.cl
Chilena Consolidada,chilena_consolidada,Isapres & Seguros,
Church's Chicken,church-s-chicken,fast-food,https://www.churchs.com
Cicatricure,cicatricure,skincare,https://www.cicatricure.com
Citroën,citroen,Marcas de autos,https://www.citroen.cl
Claro,claro,Telecomunicaciones,
Claro Video,claro_video,Telecomunicaciones,
Clear,clear,shampoo,https://www.clearhaircare.com
Clínica Alemana,clinica_alemana,Salud,
Clínica Alemana,clinica-alemana,salud-clinicas-privadas-scl,
Clínica Dávila,clinica-davila,salud-clinicas-privadas-scl,
Clínica Dávila,clinica_davila,Salud,
Clínica Indisa,clinica-indisa,salud-clinicas-privadas-scl,
Clínica Las Condes,clinica_las_condes,Salud,
Clínica Las Condes (CLC),clinica-las-condes,salud-clinicas-privadas-scl,
Clínica Santa María,clinica-santa-maria,salud-clinicas-privadas-scl,
Clínica Santa María,clinica_santa_maria,Salud,
Clínica Universidad de los Andes,clinica-universidad-de-los-andes,salud-clinicas-privadas-scl,
Clínica Vespucio,clinica-vespucio,salud-clinicas-privadas-scl,
Clinique,clinique,skincare,https://www.clinique.cl
Clinique Makeup,clinique-makeup,cosmeticos-maquillaje,https://www.clinique.cl
CMR Falabella,cmr_falabella,Bancos y Fintech,
Coca-Cola,coca-cola,gaseosas,https://www.coca-cola.com
Coca-Cola,cocacola,consumo-bebidas,
Coffee Fellows,coffee-fellows,cafeterias,https://www.coffeefellows.com
Cold Stone,cold-stone,Heladerías,https://www.coldstonecreamery.com
Colgate Total,colgate-total,pastas-dentales,https://www.colgate.cl
Colmena,colmena,Isapres & Seguros,
Colo-Colo,colo-colo,deportes-futbol,
Concha y Toro,concha-y-toro,vinas,https://www.conchaytoro.com
Consalud,consalud,Isapres & Seguros,
Consorcio,consorcio,Bancos y Fintech,
Consorcio,consorcio_seg,Isapres & Seguros,
Converse,converse,Ropa & Moda,
Cooler Master,cooler-master,perifericos-gamer,https://www.coolermaster.com
Coopeuch,coopeuch,Bancos y Fintech,
Copa Airlines,copa,Aerolíneas,
Copa Airlines,copa-airlines,aerolineas,https://www.copaair.com
Coppertone,coppertone,proteccion-solar,https://www.coppertone.com
Cornershop by Uber,cornershop,Delivery (Apps),
Corona,corona,cervezas,https://www.corona.com
Coros,coros,smartwatches,https://coros.com
Corsair,corsair,perifericos-gamer,https://www.corsair.com
Cosco Kids,cosco-kids,cochecitos,https://www.coscokids.com
Coseche,coseche,automotoras-concesionarios,https://www.coseche.cl
Costa Coffee,costa-coffee,cafeterias,https://www.costacoffee.com
CoverGirl,covergirl,cosmeticos-maquillaje,https://www.covergirl.com
Crest,crest,pastas-dentales,https://crest.com
Cristal,cristal,cervezas,https://www.ccu.cl
Crunchyroll,crunchyroll,Streaming,
Cruz Blanca,cruz_blanca,Isapres & Seguros,
Cruz Verde,farmacia-cruz-verde,salud-farmacias-scl,
Cruz Verde,cruzverde,Salud,
Cupra,cupra,Marcas de autos,https://www.cupraofficial.cl
Curaprox,curaprox,pastas-dentales,https://curaprox.com
Cuties,cuties,panales,https://cuties.com
Cybex,cybex,cochecitos,https://www.cybex-online.com
Dairy Queen,dairy-queen,fast-food,https://www.dairyqueen.com
DC Universe,dc,entretencion-sagas,
Deezer,deezer,Streaming de música,https://www.deezer.com
Degree,degree,desodorantes,https://www.degree.com
Dell,dell,notebooks,https://www.dell.com
Delta,delta,Aerolíneas,
Delta Air Lines,delta-air-lines,aerolineas,https://www.delta.com
DercoCenter,dercocenter,automotoras-concesionarios,https://www.dercocenter.cl
Dermaglós Solar,dermaglos-solar,proteccion-solar,https://www.dermaglos.com
DiDi,didi,Apps de transporte,https://www.didi.com
DiDi Food,didi_food,Delivery (Apps),
Difor,difor,automotoras-concesionarios,https://www.difor.cl
DIRECTV GO,directv_go,Telecomunicaciones,
Discord,discord,comunidades-foros,https://discord.com
Disney+,disney_plus,Streaming,
Disney+,disneyplus,entretencion-streaming-video,
Disney+,disney,Streaming de video,https://www.disneyplus.com
Doggis,doggis,Comida Rápida,
Dolbek,dolbek,cervezas,https://www.dolbek.cl
Dolce & Gabbana,dolce-and-gabbana,perfumes,https://www.dolcegabbana.com
Domino's Delivery,dominos_delivery,Delivery (Apps),
Domino's Pizza,dominos_pizza,Comida Rápida,
Domino's Pizza,dominos,gastronomia-comida-rapida,
Dove Men+Care,dove-men-care,desodorantes,https://www.dove.com
Dove Men+Care Shampoo,dove-men-care-shampoo,shampoo,https://www.dove.com
Dr. Simi,dr_simi,Salud,
Drypers,drypers,panales,https://www.drypers.com
Ducray,ducray-skincare,skincare,https://www.ducray.com
Ducray,ducray-shampoo,shampoo,https://www.ducray.com
Dunkin,dunkin,cafeterias,https://dunkin.cl
Dunkin Delivery,dunkin_delivery,Delivery (Apps),
e.l.f.,e-l-f,cosmeticos-maquillaje,https://www.elfcosmetics.com
eBay,ebay,marketplaces,https://www.ebay.com
Elmex,elmex,pastas-dentales,https://www.elmex.com
Embryolisse,embryolisse,skincare,https://embryolisse.com
Emirates,emirates,Aerolíneas,
Emporio La Rosa,emporio-la-rosa,Heladerías,https://www.emporiolarosa.cl
Entel,entel,Telecomunicaciones,
Entel Fibra,entel_fibra,Telecomunicaciones,
Episol,episol,skincare,https://www.episol.cl
Escudo,escudo,cervezas,https://www.ccu.cl
Essence,essence,cosmeticos-maquillaje,https://essencemakeup.com
Estée Lauder,estee-lauder,cosmeticos-maquillaje,https://www.esteelauder.cl
Etsy,etsy,marketplaces,https://www.etsy.com
Evenflo,evenflo,cochecitos,https://www.evenflo.com
Evian,evian,aguas,https://www.evian.com
Expedia,expedia,Hoteles y reservas,https://www.expedia.com
Facebook,facebook,redes-sociales,https://facebook.com
Fairphone,fairphone,smartphones,https://www.fairphone.com
Falabella,falabella,marketplaces,https://www.falabella.com
Fanta,fanta,gaseosas,https://www.coca-cola.com
Farmacia Popular,farmacia_popular,Salud,
Farmacias Ahumada,farmacia-ahumada,salud-farmacias-scl,
Farmacias Ahumada,farmacias_ahumada,Salud,
Farmacias Galénica,galenica,Salud,
FC Barcelona,barcelona,deportes-futbol,
Fiat,fiat,Marcas de autos,https://www.fiat.cl
Filippo,filippo,Heladerías,https://www.filippo.cl
Fintual,fintual,fintech-billeteras,https://www.fintual.cl
Fitbit,fitbit,smartwatches,https://www.fitbit.com
Five Guys,five-guys,fast-food,https://www.fiveguys.com
Fonasa,fonasa,Isapres & Seguros,
Ford,ford,Marcas de autos,https://www.ford.cl
Forever 21,forever21,Ropa & Moda,
Fpay,fpay,Bancos y Fintech,
Fragola,fragola,Heladerías,https://www.fragola.cl
Framework,framework,notebooks,https://frame.work
Fructis,fructis,shampoo,https://www.garnier.cl
Gap,gap,Ropa & Moda,
Garmin,garmin,smartwatches,https://www.garmin.com
Garnier Fructis,garnier-fructis,shampoo,https://www.garnier.cl
Garnier SkinActive,garnier-skinactive,skincare,https://www.garnier.cl
Geely,geely,Marcas de autos,https://www.geely.cl
Gelateria La Romana,gelateria-la-romana,Heladerías,https://www.gelateriaromana.com
Genesis,genesis,Marcas de autos,https://www.genesis.com
Gerber,gerber,formula-alimentacion-infantil,https://www.gerber.com
Gerber Organic,gerber-organic,formula-alimentacion-infantil,https://www.gerber.com
Getnet,getnet,tarjetas-medios-de-pago,https://www.getnet.cl
Gigabyte Aorus,gigabyte-aorus,notebooks,https://www.aorus.com
Gildemeister,gildemeister,automotoras-concesionarios,https://www.gildemeister.cl
Gillette Clinical,gillette-clinical,desodorantes,https://gillette.com
Givenchy,givenchy,perfumes,https://www.givenchybeauty.com
Global66,global66,fintech-billeteras,https://www.global66.com
Gloria Jean's,gloria-jean-s,cafeterias,https://www.gloriajeans.com
Glorious,glorious,perifericos-gamer,https://www.gloriousgaming.com
Godfather's Pizza,godfather-s-pizza,pizza,https://www.godfathers.com
Gol,gol,transporte-aerolineas,
Google Pixel,google-pixel,smartphones,https://store.google.com
Google Pixel,pixel,tecnologia-marcas,
Great Wall,great-wall,Marcas de autos,https://www.gwm.cl
Greggs,greggs,cafeterias,https://www.greggs.co.uk
GTD,gtd,Telecomunicaciones,
Gucci,gucci,perfumes,https://www.gucci.com
GUM,gum,pastas-dentales,https://www.sunstargum.com
H&M,h-m,retail-ropa,
H&M,hm,Ropa & Moda,
Häagen-Dazs,haagen-dazs,Heladerías,https://www.haagen-dazs.com
Harry Potter,harrypotter,entretencion-sagas,
Haval,haval,Marcas de autos,https://www.gwm.cl
HDI,hdi,Isapres & Seguros,
Head & Shoulders Supreme,head-and-shoulders-supreme,shampoo,https://headandshoulders.cl
Heineken,heineken,cervezas,https://www.heineken.com
Heliocare,heliocare,proteccion-solar,https://www.heliocare.com
Herbal Essences,herbal-essences,shampoo,https://herbalessences.com
Hermès,hermes,perfumes,https://www.hermes.com
Hero Baby,hero-baby,formula-alimentacion-infantil,https://www.herobaby.com
Hilton,hilton,Hoteles,https://www.hilton.com
Hites,hites,Retail,
Holiday Inn,holiday-inn,Hoteles,https://www.ihg.com
Honor,honor,smartphones,https://www.honor.com
Hotels.com,hotels-com,Hoteles y reservas,https://www.hotels.com
HP,hp,notebooks,https://www.hp.com
Huawei,huawei,smartphones,https://consumer.huawei.com
Huawei Matebook,huawei-matebook,notebooks,https://consumer.huawei.com
Huawei Watch,huawei-watch,smartwatches,https://consumer.huawei.com
Huggies Active Sec,huggies-active-sec,panales,https://www.huggies.cl
Huggies Natural Care Wipes,huggies-natural-care-wipes,toallitas-humedas,https://www.huggies.cl
Huggies Supreme,huggies-supreme,panales,https://www.huggies.cl
Hyatt,hyatt,Hoteles,https://www.hyatt.com
HyperX,hyperx,perifericos-gamer,https://hyperx.com
Hyundai,hyundai,Marcas de autos,https://www.hyundai.cl
Iberia,iberia,aerolineas,https://www.iberia.com
Ibis,ibis,Hoteles,https://all.accor.com
iFood,ifood,Delivery (Apps),
Il Maestrale,il-maestrale,Heladerías,https://www.ilmaestrale.cl
Illy,illy,cafeterias,https://www.illy.com
Inalco,inalco,automotoras-concesionarios,https://www.inalco.cl
inDrive,indrive,Apps de transporte,https://indrive.com
Infiniti,infiniti,Marcas de autos,https://www.infiniti.com
Instagram,instagram,redes-sociales,https://instagram.com
IntegraMédica,integramedica,Salud,
iPhone,iphone,tecnologia-marcas,
Isdin Fusion Water,isdin-fusion-water,proteccion-solar,https://www.isdin.com
Issey Miyake,issey-miyake,perfumes,https://www.isseymiyake.com
Itaú,itau,bancos,https://www.itau.cl
JAC,jac,Marcas de autos,https://www.jac.cl
Jaguar,jaguar,Marcas de autos,https://www.jaguar.cl
JBL,jbl,audifonos,https://www.jbl.com
JD.com,jd-com,marketplaces,https://www.jd.com
Jean Paul Gaultier,jean-paul-gaultier,perfumes,https://www.jeanpaulgaultier.com
Jeep,jeep,Marcas de autos,https://www.jeep.cl
Jet's Pizza,jet-s-pizza,pizza,https://www.jetspizza.com
Jetour,jetour,Marcas de autos,https://www.jetourglobal.com
JetSMART,jetsmart,aerolineas,https://www.jetsmart.com
John Frieda,john-frieda,shampoo,https://www.johnfrieda.com
Johnny Rockets,johnny-rockets,fast-food,https://www.johnnyrockets.com
Johnson's Baby,johnson-s-baby,toallitas-humedas,https://www.johnsonsbaby.com
Johnson's Skin Nourish,johnson-s-skin-nourish,toallitas-humedas,https://www.johnsonsbaby.com
Juan Maestro,juan_maestro,Comida Rápida,
Juan Valdez,juan-valdez,cafeterias,https://juanvaldezcafe.com
Juan Valdez,juan_valdez,Comida Rápida,
Jumbo,jumbo,Supermercados,
Jumbo (App/Delivery),jumbo_delivery,Delivery (Apps),
Jumbo.cl,jumbo_cl,Retail,
Justo,justo,Delivery (Apps),
Kaufmann,kaufmann,automotoras-concesionarios,https://www.kaufmann.cl
Kem,kem,gaseosas,https://www.ccu.cl
Kenzo,kenzo,perfumes,https://www.kenzoparfums.com
Kérastase,kerastase,shampoo,https://www.kerastase.cl
KFC,kfc,Comida Rápida,
KFC Delivery,kfc_delivery,Delivery (Apps),
Kia,kia,Marcas de autos,https://www.kia.cl
Kiehl's,kiehl-s,skincare,https://www.kiehls.cl
Kinderkraft,kinderkraft,cochecitos,https://kinderkraft.com
KLM,klm,aerolineas,https://www.klm.com
Klorane,klorane,shampoo,https://www.klorane.com
Knop,knop,Salud,
Krispy Kreme,krispy_kreme,Comida Rápida,
Kunstmann,kunstmann,cervezas,https://www.cerveza-kunstmann.cl
L.A. Girl,l-a-girl,cosmeticos-maquillaje,https://www.lagirlusa.com
L'Oréal Professionnel,l-oreal-professionnel,shampoo,https://www.lorealprofessionnel.cl
La Polar,la_polar,Retail,
Lancaster Sun,lancaster-sun,proteccion-solar,https://www.lancaster-beauty.com
Lancôme,lancome,cosmeticos-maquillaje,https://www.lancome.cl
Land Rover,land-rover,Marcas de autos,https://www.landrover.cl
LATAM,latam,aerolineas,https://www.latamairlines.com
Laura Mercier,laura-mercier,cosmeticos-maquillaje,https://www.lauramercier.com
Lavazza,lavazza,cafeterias,https://www.lavazza.com
Lenovo,lenovo,notebooks,https://www.lenovo.com
Lenovo Legion Go,lenovo-legion-go,consolas,https://www.lenovo.com
Levi's,levis,Ropa & Moda,
Lexus,lexus,Marcas de autos,https://www.lexus.cl
LG Gram,lg-gram,notebooks,https://www.lg.com
Líder,lider,Supermercados,
Líder (App/Delivery),lider_delivery,Delivery (Apps),
Lider.cl,lider_cl,Retail,
Lider.cl (Farmacia),lider_farmacia,Salud,
Linio,linio,marketplaces,https://www.linio.cl
LinkedIn,linkedin,redes-sociales,https://linkedin.com
Little Caesars,little-caesars,fast-food,https://littlecaesars.com
Loewe,loewe,perfumes,https://www.loewe.com
Logitech G,logitech-g,perifericos-gamer,https://www.logitechg.com
Mach,mach,fintech-billeteras,https://www.somosmach.com
MamyPoko,mamypoko,panales,https://www.mamypoko.com
MAPFRE,mapfre,Isapres & Seguros,
Marco's Pizza,marco-s-pizza,pizza,https://www.marcos.com
Marriott,marriott,Hoteles,https://www.marriott.com
Marshall,marshall,audifonos,https://www.marshallheadphones.com
Marvel Universe,marvel,entretencion-sagas,
Mastercard,mastercard,tarjetas-medios-de-pago,https://www.mastercard.cl
Maui Moisture,maui-moisture,shampoo,https://www.mauimoisture.com
Max,max,Streaming de video,https://www.max.com
Max (HBO),hbomax,entretencion-streaming-video,
Max Factor,max-factor,cosmeticos-maquillaje,https://www.maxfactor.com
Maxi-Cosi Travel,maxi-cosi-travel,cochecitos,https://maxicosi.cl
Mayorista 10,mayorista10,Supermercados,
Mazda,mazda,Marcas de autos,https://www.mazda.cl
McDelivery,mcdelivery,Delivery (Apps),
McDonald's,mcdonalds,Comida Rápida,
Mercado Libre,mercado-libre,marketplaces,https://www.mercadolibre.cl
Mercado Libre,mercado_libre,Retail,
Mercado Libre Envíos,mercado_envios,Delivery (Apps),
Mercado Pago,mercado_pago,Bancos y Fintech,
Mercado Pago,mercado-pago,fintech-billeteras,https://www.mercadopago.cl
Mercado Pago,mercadopago,finanzas-bancos,
Mercari,mercari,marketplaces,https://www.mercari.com
Mercedes-Benz,mercedes-benz,Marcas de autos,https://www.mercedes-benz.cl
MetLife,metlife,Isapres & Seguros,
MG,mg,Marcas de autos,https://www.mgmotor.cl
Microsoft Surface,microsoft-surface,notebooks,https://www.microsoft.com/surface
Milani,milani,cosmeticos-maquillaje,https://www.milanicosmetics.com
Mini,mini,Marcas de autos,https://www.mini.cl
Mitchum,mitchum,desodorantes,https://mitchum.com
Mitsubishi,mitsubishi,Marcas de autos,https://www.mitsubishi-motors.cl
Mixa,mixa,skincare,https://www.mixa.com
MOD Pizza,mod-pizza,pizza,https://modpizza.com
Monster,monster,energeticas,https://www.monsterenergy.com
Montblanc Perfumes,montblanc-perfumes,perfumes,https://www.montblanc.com
Montes,montes,vinas,https://www.monteswines.com
Moroccanoil,moroccanoil,shampoo,https://www.moroccanoil.com
Morphe,morphe,cosmeticos-maquillaje,https://www.morphe.com
Motorola,motorola,smartphones,https://www.motorola.com
Movistar,movistar,Telecomunicaciones,
Movistar Fibra,movistar_fibra,Telecomunicaciones,
MSI,msi,notebooks,https://www.msi.com
MUBI,mubi,Streaming de video,https://mubi.com
Mugler,mugler,perfumes,https://www.mugler.cl
Mundo,mundo,Telecomunicaciones,
Mundo Fibra,mundo_fibra,Telecomunicaciones,
Mustela,mustela,toallitas-humedas,https://www.mustela.cl
Mustela Skincare,mustela-skincare,skincare,https://www.mustela.cl
Mustela Solar,mustela-solar,proteccion-solar,https://www.mustela.cl
Narciso Rodriguez,narciso-rodriguez,perfumes,https://www.narcisorodriguezparfums.com
NARS,nars,cosmeticos-maquillaje,https://www.narscosmetics.com
Natura Lumina,natura-lumina,shampoo,https://www.natura.cl
Nestum Baby,nestum-baby,formula-alimentacion-infantil,https://www.nestle.cl
Netflix,netflix,Streaming de video,https://www.netflix.com
Neutrogena,neutrogena,skincare,https://www.neutrogena.cl
New Balance,newbalance,retail-ropa,
New Balance,new_balance,Ropa & Moda,
NH Hotels,nh-hotels,Hoteles,https://www.nh-hotels.com
Nike,nike,Ropa & Moda,
Nintendo,nintendo,tecnologia-marcas,
Nintendo Switch,nintendo-switch,consolas,https://www.nintendo.com
Nissan,nissan,Marcas de autos,https://www.nissan.cl
Nivea Baby,nivea-baby,toallitas-humedas,https://www.nivea.cl
Nivea Men,nivea-men,desodorantes,https://www.nivea.cl
Nivea Sun,nivea-sun,proteccion-solar,https://www.nivea.cl
Nothing Phone,nothing-phone,smartphones,https://nothing.tech
Novalac,novalac,formula-alimentacion-infantil,https://novalac.com
Novotel,novotel,Hoteles,https://all.accor.com
Nuby,nuby,toallitas-humedas,https://nuby.com
Nueva Masvida,nueva_masvida,Isapres & Seguros,
Nueva York,nuevayork,turismo-ciudades,
Nuna,nuna,cochecitos,https://nunababy.com
Nutramigen,nutramigen,formula-alimentacion-infantil,https://www.nutramigen.com
Nutrilon,nutrilon,formula-alimentacion-infantil,https://www.nutricia.com
Nuxe,nuxe,skincare,https://www.nuxe.com
OGX,ogx,shampoo,https://www.ogxbeauty.com
OnePlus,oneplus,smartphones,https://www.oneplus.com
Opel,opel,Marcas de autos,https://www.opel.com
Oppo,oppo,smartphones,https://www.oppo.com
Oral-B Pro,oral-b-pro,pastas-dentales,https://oralb.cl
Pampers Aqua Pure,pampers-aqua-pure,toallitas-humedas,https://www.pampers.cl
Pampers Confort Sec,pampers-confort-sec,panales,https://www.pampers.cl
Pampers Pants,pampers-pants,panales,https://www.pampers.cl
Pandora,pandora,Streaming de música,https://www.pandora.com
Pantene Pro-V,pantene-pro-v,shampoo,https://www.pantenela.com
Pap,pap,gaseosas,https://www.ccu.cl
Papa Johns,papa_johns,Comida Rápida,
Papa Murphy's,papa-murphy-s,pizza,https://www.papamurphys.com
Paramount+,paramount,Streaming de video,https://www.paramountplus.com
Paramount+,paramount_plus,Streaming,
Parents Choice,parents-choice,panales,https://www.walmart.com
Paris,paris,marketplaces,https://www.paris.cl
Parodontax,parodontax,pastas-dentales,https://www.parodontax.com
Paula's Choice,paula-s-choice,skincare,https://www.paulaschoice.com
PayPal,paypal,fintech-billeteras,https://www.paypal.com
Pedialyte Baby,pedialyte-baby,formula-alimentacion-infantil,https://www.pedialyte.com
PedidosYa,pedidosya,Delivery (Apps),
Peet's Coffee,peet-s-coffee,cafeterias,https://www.peets.com
Peg Perego,peg-perego,cochecitos,https://www.pegperego.com
Pepsi,pepsi,gaseosas,https://www.pepsi.com
Perrier,perrier,aguas,https://www.perrier.com
Peugeot,peugeot,Marcas de autos,https://www.peugeot.cl
Physicians Formula,physicians-formula,cosmeticos-maquillaje,https://www.physiciansformula.com
Pinterest,pinterest,comunidades-foros,https://pinterest.com
Pizza Hut,pizza_hut,Comida Rápida,
Pizza Nova,pizza-nova,pizza,https://www.pizzanova.com
PizzaExpress,pizzaexpress,pizza,https://www.pizzaexpress.com
PlayStation,playstation,consolas,https://www.playstation.com
Polar,polar,smartwatches,https://www.polar.com
Popeyes,popeyes,fast-food,https://www.popeyes.com
Portillo,portillo,automotoras-concesionarios,https://www.portillo.cl
Prada,prada,perfumes,https://www.prada.com
Pret A Manger,pret-a-manger,cafeterias,https://www.pret.com
Prex,prex,fintech-billeteras,https://www.prexcard.cl
Prime Energy,prime-energy,energeticas,https://drinkprime.com
Prime Video,prime-video,Streaming de video,https://www.primevideo.com
Prime Video,prime_video,Streaming,
Prime Video,primevideo,entretencion-streaming-video,
Pull&Bear,pullandbear,Ropa & Moda,
Puma,puma,Ropa & Moda,
PurAmino,puramino,formula-alimentacion-infantil,https://www.enfamil.com
Qatar Airways,qatar,Aerolíneas,
Quora,quora,comunidades-foros,https://quora.com
Rakuten,rakuten,marketplaces,https://www.rakuten.com
RAM,ram,Marcas de autos,https://www.ramtrucks.com
Rappi,rappi,Delivery (Apps),
Razer,razer,perifericos-gamer,https://www.razer.com
Razer Blade,razer-blade,notebooks,https://www.razer.com
Realme,realme,smartphones,https://www.realme.com
Red Bull,red-bull,energeticas,https://www.redbull.com
RedBull,redbull,consumo-bebidas,
Redcompra,redcompra,tarjetas-medios-de-pago,https://www.redcompra.cl
Reddit,reddit,comunidades-foros,https://reddit.com
Redragon,redragon,perifericos-gamer,https://redragon.com
RedSalud,redsalud,Salud,
Reebok,reebok,Ropa & Moda,
Renault,renault,Marcas de autos,https://www.renault.cl
Revlon,revlon,cosmeticos-maquillaje,https://www.revlon.com
Rexona Men,rexona-men,desodorantes,https://www.rexona.com
Rimmel London,rimmel-london,cosmeticos-maquillaje,https://www.rimmellondon.com
Río de Janeiro,riodejaneiro,turismo-ciudades,
Ripley,ripley,marketplaces,https://www.ripley.cl
Rockstar,rockstar,energeticas,https://www.rockstarenergy.com
Rosselot,rosselot,automotoras-concesionarios,https://www.rosselot.cl
Round Table Pizza,round-table-pizza,pizza,https://www.roundtablepizza.com
Royal Guard,royal-guard,cervezas,https://www.ccu.cl
Safety 1st,safety-1st,cochecitos,https://www.safety1st.com
Salazar Israel,salazar-israel,automotoras-concesionarios,https://www.salazarisrael.cl
Salcobrand,farmacia-salcobrand,salud-farmacias-scl,
Salcobrand,salcobrand,Salud,
Samsung,samsung,tecnologia-marcas,
Samsung Galaxy,samsung-galaxy,smartphones,https://www.samsung.com/cl/smartphones
Samsung Galaxy Watch,samsung-galaxy-watch,smartwatches,https://www.samsung.com
Samsung Notebook,samsung-notebook,notebooks,https://www.samsung.com
San Pedro,san-pedro,vinas,https://www.sanpedro.cl
San Pellegrino,san-pellegrino,aguas,https://www.sanpellegrino.com
Santa Isabel,santa_isabel,Supermercados,
Santa Isabel,santaisabel,retail-supermercados,
Santa Rita,santa-rita,vinas,https://www.santarita.com
Santander,santander,Bancos y Fintech,
Sbarro,sbarro,pizza,https://sbarro.com
Schwarzkopf,schwarzkopf,shampoo,https://www.schwarzkopf.com
Schweppes,schweppes,gaseosas,https://www.schweppes.com
Scotiabank,scotiabank,bancos,https://www.scotiabankchile.cl
Seat,seat,Marcas de autos,https://www.seat.com
Secret,secret,desodorantes,https://secret.com
Segafredo,segafredo,cafeterias,https://www.segafredo.com
Sennheiser,sennheiser,audifonos,https://www.sennheiser.com
Sensodyne Repair,sensodyne-repair,pastas-dentales,https://www.sensodyne.cl
Sephora Collection,sephora-collection,cosmeticos-maquillaje,https://www.sephora.com
Sesderma,sesderma,skincare,https://www.sesderma.com
Shake Shack,shake-shack,fast-food,https://www.shakeshack.com
Shein,shein,marketplaces,https://www.shein.com
Sheraton,sheraton,Hoteles,https://www.marriott.com
Shiseido Makeup,shiseido-makeup,cosmeticos-maquillaje,https://www.shiseido.com
Shopee,shopee,marketplaces,https://shopee.com
Simple,simple,skincare,https://www.simpleskincare.com
Skechers,skechers,Ropa & Moda,
Skoda,skoda,Marcas de autos,https://www.skoda-auto.com
Skullcandy,skullcandy,audifonos,https://www.skullcandy.com
Sky Airline,sky,Aerolíneas,
Sky Airline,sky-airline,aerolineas,https://www.skyairline.com
Snapchat,snapchat,redes-sociales,https://snapchat.com
Sony,sony,audifonos,https://www.sony.com
Sony Xperia,sony-xperia,smartphones,https://www.sony.com
SoundCloud,soundcloud,Streaming de música,https://soundcloud.com
Speed Stick,speed-stick,desodorantes,https://www.speedstick.com
Spotify,spotify,Streaming de música,https://www.spotify.com
Sprite,sprite,gaseosas,https://www.coca-cola.com
Square,square,fintech-billeteras,https://squareup.com
Star Wars,starwars,entretencion-sagas,
Starbucks,starbucks,cafeterias,https://www.starbucks.cl
Starbucks Delivery,starbucks_delivery,Delivery (Apps),
Steam Community,steam-community,comunidades-foros,https://steamcommunity.com
Steam Deck,steam-deck,consolas,https://store.steampowered.com
SteelSeries,steelseries,perifericos-gamer,https://steelseries.com
Stokke,stokke,cochecitos,https://www.stokke.com
Stripe,stripe,fintech-billeteras,https://stripe.com
Suave,suave,desodorantes,https://www.suave.com
Subaru,subaru,Marcas de autos,https://www.subaru.cl
Subway,subway,Comida Rápida,
Sun Bum,sun-bum,proteccion-solar,https://www.sunbum.com
SURA,sura,Isapres & Seguros,
Suunto,suunto,smartwatches,https://www.suunto.com
Suzuki,suzuki,Marcas de autos,https://www.suzuki.cl
SVR,svr,skincare,https://www.svr.com
Taco Bell,taco-bell,fast-food,https://www.tacobell.com
Taobao,taobao,marketplaces,https://world.taobao.com
Tapp,tapp,fintech-billeteras,https://www.tapp.cl
Tavelli,tavelli,cafeterias,https://tavelli.cl
Taxi,taxi,apps-delivery-movilidad,
Telepizza,telepizza,Comida Rápida,
Telsur,telsur,Telecomunicaciones,
Temu,temu,marketplaces,https://www.temu.com
Tenpo,tenpo,fintech-billeteras,https://www.tenpo.cl
Tesla,tesla,Marcas de autos,https://www.tesla.com
The Ordinary,the-ordinary,skincare,https://theordinary.com
Thermaltake,thermaltake,perifericos-gamer,https://www.thermaltake.com
Tidal,tidal,Streaming de música,https://tidal.com
TikTok,tiktok,redes-sociales,https://tiktok.com
Tim Hortons,tim-hortons,fast-food,https://www.timhortons.com
Tokio,tokio,turismo-ciudades,
Tom Ford,tom-ford,perfumes,https://www.tomford.com
Tommy Beans,tommy_beans,Comida Rápida,
Tommy Hilfiger,tommy-hilfiger,perfumes,https://tommy.com
Too Faced,too-faced,cosmeticos-maquillaje,https://www.toofaced.com
Tottus,tottus,Supermercados,
Toyota,toyota,Marcas de autos,https://www.toyota.cl
Transvip,transvip,Apps de transporte,https://www.transvip.cl
Tresemmé,tresemme,shampoo,https://www.tresemme.com
Trivago,trivago,Hoteles y reservas,https://www.trivago.com
Tuborg,tuborg,cervezas,https://www.tuborg.com
Tumblr,tumblr,comunidades-foros,https://tumblr.com
Turkish Airlines,turkish,Aerolíneas,
U. de Chile,udechile,deportes-futbol,
Uber,uber,Apps de transporte,https://www.uber.com
Uber Eats,uber_eats,Delivery (Apps),
Uber Eats,ubereats,apps-delivery-movilidad,
UC CHRISTUS,uc_christus,Salud,
Under Armour,under_armour,Ropa & Moda,
Undurraga,undurraga,vinas,https://www.undurraga.cl
Unimarc,unimarc,Supermercados,
Uniqlo,uniqlo,Ropa & Moda,
United,united,Aerolíneas,
United Airlines,united-airlines,aerolineas,https://www.united.com
Universal+,universal,Streaming de video,https://universalplus.com
Urban Decay,urban-decay,cosmeticos-maquillaje,https://www.urbandecay.com
Uriage,uriage,skincare,https://www.uriage.com
Uriage Bariésun,uriage-bariesun,proteccion-solar,https://www.uriage.com
Valentino,valentino,perfumes,https://www.valentino-beauty.cl
Versace,versace,perfumes,https://www.versace.com
Vichy Dercos,vichy-dercos,shampoo,https://www.vichy.cl
Vida Tres,vida_tres,Isapres & Seguros,
Viktor&Rolf,viktorandrolf,perfumes,https://www.viktor-rolf.com
Virgin Mobile,virgin_mobile,Telecomunicaciones,
Visa,visa,tarjetas-medios-de-pago,https://www.visa.com
Vital,vital,aguas,https://www.vitalagua.cl
Vitis,vitis,pastas-dentales,https://www.vitis.com
Volkswagen,volkswagen,Marcas de autos,https://www.volkswagen.cl
Volvo,volvo,Marcas de autos,https://www.volvocars.com
VTR,vtr,Telecomunicaciones,
VTR Hogar,vtr_hogar,Telecomunicaciones,
W Hotels,w-hotels,Hoteles,https://www.marriott.com
Wayfair,wayfair,marketplaces,https://www.wayfair.com
Webpay,webpay,tarjetas-medios-de-pago,https://www.webpay.cl
Wendy's,wendy-s,fast-food,https://www.wendys.com
Wet n Wild,wet-n-wild,cosmeticos-maquillaje,https://www.wetnwildbeauty.com
Wise,wise,fintech-billeteras,https://wise.com
Wish,wish,marketplaces,https://www.wish.com
Withings,withings,smartwatches,https://www.withings.com
WOM,wom,Telecomunicaciones,
X,x-social,redes-sociales,https://x.com
Xbox,xbox,consolas,https://www.xbox.com
Xiaomi,xiaomi,smartphones,https://www.mi.com
YouTube,youtube,entretencion-streaming-video,
YouTube Music,youtube-music,Streaming de música,https://music.youtube.com
YouTube Music,youtube_music,Streaming,
YouTube Premium,youtube_premium,Streaming,
Yves Saint Laurent,yves-saint-laurent,perfumes,https://www.yslbeauty.cl
Zalando,zalando,marketplaces,https://www.zalando.com
Zapping,zapping,Telecomunicaciones,
Zara,zara,Ropa & Moda,
Zendium,zendium,pastas-dentales,https://www.zendium.com
ZTE,zte,smartphones,https://www.zte.com
Zurich,zurich,Isapres & Seguros,
